<?xml version="1.0" encoding="UTF-8"?>
<beans xmlns="http://www.springframework.org/schema/beans"
       xmlns:xsi="http://www.w3.org/2001/XMLSchema-instance"
       xsi:schemaLocation="
        http://www.springframework.org/schema/beans http://www.springframework.org/schema/beans/spring-beans.xsd">

<!--    Define the bean id with camelCase Format -->
<!--    Example My class name is Self then camelCase name would be self -->

<bean id="normalPlan" class="com.example.Cinemaxify.NormalPlan"/>
<bean id="premiumPlan" class="com.example.Cinemaxify.PremiumPlan"/>

<bean id="selfNormalPlan" class="com.example.Cinemaxify.Self">
	<constructor-arg ref="normalPlan"></constructor-arg>
</bean>
<bean id="selfPremiumPlan" class="com.example.Cinemaxify.Self">
	<constructor-arg ref="premiumPlan"></constructor-arg>
</bean>
<bean id="spouseNormalPlan" class="com.example.Cinemaxify.Spouse">
	<constructor-arg ref="normalPlan"></constructor-arg>
</bean>
<bean id="spousePremiumPlan" class="com.example.Cinemaxify.Spouse">
	<constructor-arg ref="premiumPlan"></constructor-arg>
</bean>
</beans>